Workbook

Sheet README
A1: Test plan with automation
A3: 1. Requirements: list each requirement with a Req_ID (REQ_001, REQ_002...).
A4: 2. TestCases: ask the assistant to write test cases from the requirements, or add rows by hand. Every row needs a TC_ID and a Req_ID.
A5: 3. Automation: the assistant writes a Playwright script per test case (saved as a draft in the QA project folder).
A6: 4. Approval: you read the script and run excel-partner qa approve TC_001 . Only approved scripts run unattended.
A7: 5. Run: ask the assistant to run the tests, then write the results to this sheet (Last_Run, Last_Result, Duration_s, Run_Evidence).
A8: 6. RTM and Dashboard update by themselves from TestCases and Requirements.
A10: Columns filled by the tool (do not type in them): Automation_Status, Script_Path, Last_Run, Last_Result, Duration_s, Run_Evidence.
A11: Never write passwords or tokens in this workbook. Sign-in is done once with excel-partner qa login <role> .
A12: Rows 2-3 of TestCases are samples; delete or replace them.

Sheet Dashboard
A1: Test status
D2: Result | E2: Count
A3: Test cases | B3: =COUNTA(TestCases!$A$2:$A$1001) | D3: Passed | E3: =B5
A4: Automated and approved | B4: =COUNTIF(TestCases!$K$2:$K$1001,"Approved") | D4: Failed | E4: =B6
A5: Passed | B5: =COUNTIF(TestCases!$N$2:$N$1001,"Passed") | D5: Flaky | E5: =B7
A6: Failed | B6: =COUNTIF(TestCases!$N$2:$N$1001,"Failed")+COUNTIF(TestCases!$N$2:$N$1001,"Timed out") | D6: Not run | E6: =B8
A7: Flaky | B7: =COUNTIF(TestCases!$N$2:$N$1001,"Flaky")
A8: Not run yet | B8: =B3-B5-B6-B7-COUNTIF(TestCases!$N$2:$N$1001,"Skipped")
A9: Pass rate (of executed) | B9: =IF(B5+B6+B7=0,"-",B5/(B5+B6+B7))
A10: Requirements with no test | B10: =COUNTIF(RTM!$H$2:$H$201,"No tests")
A11: Requirement coverage | B11: =IF(COUNTIF(Requirements!$A$2:$A$201,"?*")=0,"-",1-B10/COUNTIF(Requirements!$A$2:$A$201,"?*"))

Sheet Requirements
A1: Req_ID | B1: Title | C1: Description | D1: Priority | E1: Source | F1: Status
A2: REQ_001 | B2: Users can sign in | C2: A registered user can sign in with a valid login and password and sees the home screen. | D2: High | E2: Sample | F2: Approved
A3: REQ_002 | B3: Sale order can be confirmed | C3: A draft quotation with at least one line can be confirmed and becomes a sale order. | D3: High | E3: Sample | F3: Draft

Sheet TestCases
A1: TC_ID | B1: Req_ID | C1: Module | D1: Title | E1: Preconditions | F1: Steps | G1: Expected | H1: Type | I1: Priority | J1: Role | K1: Automation_Status | L1: Script_Path | M1: Last_Run | N1: Last_Result | O1: Duration_s | P1: Run_Evidence | Q1: Notes
A2: TC_001 | B2: REQ_001 | C2: Login | D2: Sign in with a valid account | E2: Account exists and is active | F2: 1. Open the login page 2. Enter a valid login and password 3. Press Log in | G2: The home screen opens and the user's name is shown | H2: Positive | I2: High | J2: admin | Q2: Sample
A3: TC_002 | B3: REQ_001 | C3: Login | D3: Sign in with a wrong password | E3: Account exists | F3: 1. Open the login page 2. Enter a valid login and a wrong password 3. Press Log in | G3: An error 'Wrong login/password' is shown and the user stays on the login page | H3: Negative | I3: High | J3: admin | Q3: Sample

Sheet RTM
A1: Req_ID | B1: Requirement | C1: Test cases | D1: Automated (approved) | E1: Passed | F1: Failed | G1: Not run | H1: Coverage
A2: =IF(Requirements!A2="","",Requirements!A2) | B2: =IF(A2="","",Requirements!B2) | C2: =IF(A2="","",COUNTIF(TestCases!$B$2:$B$1001,A2)) | D2: =IF(A2="","",COUNTIFS(TestCases!$B$2:$B$1001,A2,TestCases!$K$2:$K$1001,"Approved")) | E2: =IF(A2="","",COUNTIFS(TestCases!$B$2:$B$1001,A2,TestCases!$N$2:$N$1001,"Passed")) | F2: =IF(A2="","",COUNTIFS(TestCases!$B$2:$B$1001,A2,TestCases!$N$2:$N$1001,"Failed")+COUNTIFS(TestCases!$B$2:$B$1001,A2,TestCases!$N$2:$N$1001,"Timed out")) | G2: =IF(A2="","",C2-E2-F2-COUNTIFS(TestCases!$B$2:$B$1001,A2,TestCases!$N$2:$N$1001,"Flaky")) | H2: =IF(A2="","",IF(C2=0,"No tests",IF(F2>0,"Failing",IF(E2=C2,"Verified","In progress"))))
A3: =IF(Requirements!A3="","",Requirements!A3) | B3: =IF(A3="","",Requirements!B3) | C3: =IF(A3="","",COUNTIF(TestCases!$B$2:$B$1001,A3)) | D3: =IF(A3="","",COUNTIFS(TestCases!$B$2:$B$1001,A3,TestCases!$K$2:$K$1001,"Approved")) | E3: =IF(A3="","",COUNTIFS(TestCases!$B$2:$B$1001,A3,TestCases!$N$2:$N$1001,"Passed")) | F3: =IF(A3="","",COUNTIFS(TestCases!$B$2:$B$1001,A3,TestCases!$N$2:$N$1001,"Failed")+COUNTIFS(TestCases!$B$2:$B$1001,A3,TestCases!$N$2:$N$1001,"Timed out")) | G3: =IF(A3="","",C3-E3-F3-COUNTIFS(TestCases!$B$2:$B$1001,A3,TestCases!$N$2:$N$1001,"Flaky")) | H3: =IF(A3="","",IF(C3=0,"No tests",IF(F3>0,"Failing",IF(E3=C3,"Verified","In progress"))))
A4: =IF(Requirements!A4="","",Requirements!A4) | B4: =IF(A4="","",Requirements!B4) | C4: =IF(A4="","",COUNTIF(TestCases!$B$2:$B$1001,A4)) | D4: =IF(A4="","",COUNTIFS(TestCases!$B$2:$B$1001,A4,TestCases!$K$2:$K$1001,"Approved")) | E4: =IF(A4="","",COUNTIFS(TestCases!$B$2:$B$1001,A4,TestCases!$N$2:$N$1001,"Passed")) | F4: =IF(A4="","",COUNTIFS(TestCases!$B$2:$B$1001,A4,TestCases!$N$2:$N$1001,"Failed")+COUNTIFS(TestCases!$B$2:$B$1001,A4,TestCases!$N$2:$N$1001,"Timed out")) | G4: =IF(A4="","",C4-E4-F4-COUNTIFS(TestCases!$B$2:$B$1001,A4,TestCases!$N$2:$N$1001,"Flaky")) | H4: =IF(A4="","",IF(C4=0,"No tests",IF(F4>0,"Failing",IF(E4=C4,"Verified","In progress"))))
A5: =IF(Requirements!A5="","",Requirements!A5) | B5: =IF(A5="","",Requirements!B5) | C5: =IF(A5="","",COUNTIF(TestCases!$B$2:$B$1001,A5)) | D5: =IF(A5="","",COUNTIFS(TestCases!$B$2:$B$1001,A5,TestCases!$K$2:$K$1001,"Approved")) | E5: =IF(A5="","",COUNTIFS(TestCases!$B$2:$B$1001,A5,TestCases!$N$2:$N$1001,"Passed")) | F5: =IF(A5="","",COUNTIFS(TestCases!$B$2:$B$1001,A5,TestCases!$N$2:$N$1001,"Failed")+COUNTIFS(TestCases!$B$2:$B$1001,A5,TestCases!$N$2:$N$1001,"Timed out")) | G5: =IF(A5="","",C5-E5-F5-COUNTIFS(TestCases!$B$2:$B$1001,A5,TestCases!$N$2:$N$1001,"Flaky")) | H5: =IF(A5="","",IF(C5=0,"No tests",IF(F5>0,"Failing",IF(E5=C5,"Verified","In progress"))))
A6: =IF(Requirements!A6="","",Requirements!A6) | B6: =IF(A6="","",Requirements!B6) | C6: =IF(A6="","",COUNTIF(TestCases!$B$2:$B$1001,A6)) | D6: =IF(A6="","",COUNTIFS(TestCases!$B$2:$B$1001,A6,TestCases!$K$2:$K$1001,"Approved")) | E6: =IF(A6="","",COUNTIFS(TestCases!$B$2:$B$1001,A6,TestCases!$N$2:$N$1001,"Passed")) | F6: =IF(A6="","",COUNTIFS(TestCases!$B$2:$B$1001,A6,TestCases!$N$2:$N$1001,"Failed")+COUNTIFS(TestCases!$B$2:$B$1001,A6,TestCases!$N$2:$N$1001,"Timed out")) | G6: =IF(A6="","",C6-E6-F6-COUNTIFS(TestCases!$B$2:$B$1001,A6,TestCases!$N$2:$N$1001,"Flaky")) | H6: =IF(A6="","",IF(C6=0,"No tests",IF(F6>0,"Failing",IF(E6=C6,"Verified","In progress"))))
A7: =IF(Requirements!A7="","",Requirements!A7) | B7: =IF(A7="","",Requirements!B7) | C7: =IF(A7="","",COUNTIF(TestCases!$B$2:$B$1001,A7)) | D7: =IF(A7="","",COUNTIFS(TestCases!$B$2:$B$1001,A7,TestCases!$K$2:$K$1001,"Approved")) | E7: =IF(A7="","",COUNTIFS(TestCases!$B$2:$B$1001,A7,TestCases!$N$2:$N$1001,"Passed")) | F7: =IF(A7="","",COUNTIFS(TestCases!$B$2:$B$1001,A7,TestCases!$N$2:$N$1001,"Failed")+COUNTIFS(TestCases!$B$2:$B$1001,A7,TestCases!$N$2:$N$1001,"Timed out")) | G7: =IF(A7="","",C7-E7-F7-COUNTIFS(TestCases!$B$2:$B$1001,A7,TestCases!$N$2:$N$1001,"Flaky")) | H7: =IF(A7="","",IF(C7=0,"No tests",IF(F7>0,"Failing",IF(E7=C7,"Verified","In progress"))))
A8: =IF(Requirements!A8="","",Requirements!A8) | B8: =IF(A8="","",Requirements!B8) | C8: =IF(A8="","",COUNTIF(TestCases!$B$2:$B$1001,A8)) | D8: =IF(A8="","",COUNTIFS(TestCases!$B$2:$B$1001,A8,TestCases!$K$2:$K$1001,"Approved")) | E8: =IF(A8="","",COUNTIFS(TestCases!$B$2:$B$1001,A8,TestCases!$N$2:$N$1001,"Passed")) | F8: =IF(A8="","",COUNTIFS(TestCases!$B$2:$B$1001,A8,TestCases!$N$2:$N$1001,"Failed")+COUNTIFS(TestCases!$B$2:$B$1001,A8,TestCases!$N$2:$N$1001,"Timed out")) | G8: =IF(A8="","",C8-E8-F8-COUNTIFS(TestCases!$B$2:$B$1001,A8,TestCases!$N$2:$N$1001,"Flaky")) | H8: =IF(A8="","",IF(C8=0,"No tests",IF(F8>0,"Failing",IF(E8=C8,"Verified","In progress"))))
A9: =IF(Requirements!A9="","",Requirements!A9) | B9: =IF(A9="","",Requirements!B9) | C9: =IF(A9="","",COUNTIF(TestCases!$B$2:$B$1001,A9)) | D9: =IF(A9="","",COUNTIFS(TestCases!$B$2:$B$1001,A9,TestCases!$K$2:$K$1001,"Approved")) | E9: =IF(A9="","",COUNTIFS(TestCases!$B$2:$B$1001,A9,TestCases!$N$2:$N$1001,"Passed")) | F9: =IF(A9="","",COUNTIFS(TestCases!$B$2:$B$1001,A9,TestCases!$N$2:$N$1001,"Failed")+COUNTIFS(TestCases!$B$2:$B$1001,A9,TestCases!$N$2:$N$1001,"Timed out")) | G9: =IF(A9="","",C9-E9-F9-COUNTIFS(TestCases!$B$2:$B$1001,A9,TestCases!$N$2:$N$1001,"Flaky")) | H9: =IF(A9="","",IF(C9=0,"No tests",IF(F9>0,"Failing",IF(E9=C9,"Verified","In progress"))))
A10: =IF(Requirements!A10="","",Requirements!A10) | B10: =IF(A10="","",Requirements!B10) | C10: =IF(A10="","",COUNTIF(TestCases!$B$2:$B$1001,A10)) | D10: =IF(A10="","",COUNTIFS(TestCases!$B$2:$B$1001,A10,TestCases!$K$2:$K$1001,"Approved")) | E10: =IF(A10="","",COUNTIFS(TestCases!$B$2:$B$1001,A10,TestCases!$N$2:$N$1001,"Passed")) | F10: =IF(A10="","",COUNTIFS(TestCases!$B$2:$B$1001,A10,TestCases!$N$2:$N$1001,"Failed")+COUNTIFS(TestCases!$B$2:$B$1001,A10,TestCases!$N$2:$N$1001,"Timed out")) | G10: =IF(A10="","",C10-E10-F10-COUNTIFS(TestCases!$B$2:$B$1001,A10,TestCases!$N$2:$N$1001,"Flaky")) | H10: =IF(A10="","",IF(C10=0,"No tests",IF(F10>0,"Failing",IF(E10=C10,"Verified","In progress"))))
A11: =IF(Requirements!A11="","",Requirements!A11) | B11: =IF(A11="","",Requirements!B11) | C11: =IF(A11="","",COUNTIF(TestCases!$B$2:$B$1001,A11)) | D11: =IF(A11="","",COUNTIFS(TestCases!$B$2:$B$1001,A11,TestCases!$K$2:$K$1001,"Approved")) | E11: =IF(A11="","",COUNTIFS(TestCases!$B$2:$B$1001,A11,TestCases!$N$2:$N$1001,"Passed")) | F11: =IF(A11="","",COUNTIFS(TestCases!$B$2:$B$1001,A11,TestCases!$N$2:$N$1001,"Failed")+COUNTIFS(TestCases!$B$2:$B$1001,A11,TestCases!$N$2:$N$1001,"Timed out")) | G11: =IF(A11="","",C11-E11-F11-COUNTIFS(TestCases!$B$2:$B$1001,A11,TestCases!$N$2:$N$1001,"Flaky")) | H11: =IF(A11="","",IF(C11=0,"No tests",IF(F11>0,"Failing",IF(E11=C11,"Verified","In progress"))))
A12: =IF(Requirements!A12="","",Requirements!A12) | B12: =IF(A12="","",Requirements!B12) | C12: =IF(A12="","",COUNTIF(TestCases!$B$2:$B$1001,A12)) | D12: =IF(A12="","",COUNTIFS(TestCases!$B$2:$B$1001,A12,TestCases!$K$2:$K$1001,"Approved")) | E12: =IF(A12="","",COUNTIFS(TestCases!$B$2:$B$1001,A12,TestCases!$N$2:$N$1001,"Passed")) | F12: =IF(A12="","",COUNTIFS(TestCases!$B$2:$B$1001,A12,TestCases!$N$2:$N$1001,"Failed")+COUNTIFS(TestCases!$B$2:$B$1001,A12,TestCases!$N$2:$N$1001,"Timed out")) | G12: =IF(A12="","",C12-E12-F12-COUNTIFS(TestCases!$B$2:$B$1001,A12,TestCases!$N$2:$N$1001,"Flaky")) | H12: =IF(A12="","",IF(C12=0,"No tests",IF(F12>0,"Failing",IF(E12=C12,"Verified","In progress"))))
A13: =IF(Requirements!A13="","",Requirements!A13) | B13: =IF(A13="","",Requirements!B13) | C13: =IF(A13="","",COUNTIF(TestCases!$B$2:$B$1001,A13)) | D13: =IF(A13="","",COUNTIFS(TestCases!$B$2:$B$1001,A13,TestCases!$K$2:$K$1001,"Approved")) | E13: =IF(A13="","",COUNTIFS(TestCases!$B$2:$B$1001,A13,TestCases!$N$2:$N$1001,"Passed")) | F13: =IF(A13="","",COUNTIFS(TestCases!$B$2:$B$1001,A13,TestCases!$N$2:$N$1001,"Failed")+COUNTIFS(TestCases!$B$2:$B$1001,A13,TestCases!$N$2:$N$1001,"Timed out")) | G13: =IF(A13="","",C13-E13-F13-COUNTIFS(TestCases!$B$2:$B$1001,A13,TestCases!$N$2:$N$1001,"Flaky")) | H13: =IF(A13="","",IF(C13=0,"No tests",IF(F13>0,"Failing",IF(E13=C13,"Verified","In progress"))))
... A201: =IF(Requirements!A201="","",Requirements!A201) | B201: =IF(A201="","",Requirements!B201) | C201: =IF(A201="","",COUNTIF(TestCases!$B$2:$B$1001,A201)) | D201: =IF(A201="","",COUNTIFS(TestCases!$B$2:$B$1001,A201,TestCases!$K$2:$K$1001,"Approved")) | E201: =IF(A201="","",COUNTIFS(TestCases!$B$2:$B$1001,A201,TestCases!$N$2:$N$1001,"Passed")) | F201: =IF(A201="","",COUNTIFS(TestCases!$B$2:$B$1001,A201,TestCases!$N$2:$N$1001,"Failed")+COUNTIFS(TestCases!$B$2:$B$1001,A201,TestCases!$N$2:$N$1001,"Timed out")) | G201: =IF(A201="","",C201-E201-F201-COUNTIFS(TestCases!$B$2:$B$1001,A201,TestCases!$N$2:$N$1001,"Flaky")) | H201: =IF(A201="","",IF(C201=0,"No tests",IF(F201>0,"Failing",IF(E201=C201,"Verified","In progress"))))

Sheet Bugs
A1: Bug_ID | B1: TC_ID | C1: Title | D1: Severity | E1: Status | F1: Steps | G1: Expected | H1: Actual | I1: Evidence | J1: Reported
